{
  "algo": "xgb",
  "train_accuracy": 0.9647992067426872,
  "valid_accuracy": 0.377601585728444,
  "train_macro_f1": 0.965171659194602,
  "valid_macro_f1": 0.37294186348628655,
  "n_train": 4034,
  "n_valid": 1009,
  "class_distribution_train": {
    "[1.6, 5.6)": 855,
    "[5.6, 6.3)": 837,
    "[6.3, 6.8)": 781,
    "[6.8, 7.4)": 852,
    "[7.4, 9.5]": 709
  },
  "class_distribution_valid": {
    "[1.6, 5.6)": 214,
    "[5.6, 6.3)": 209,
    "[6.3, 6.8)": 195,
    "[6.8, 7.4)": 213,
    "[7.4, 9.5]": 178
  },
  "sklearn_version": "1.7.2",
  "xgboost_version": "3.1.1"
}