{
  "train_mae": 0.49845064438782233,
  "valid_mae": 0.6971363796572434,
  "train_rmse": 0.6753218600222411,
  "valid_rmse": 0.954604110469354,
  "train_r2": 0.6320812604015069,
  "valid_r2": 0.3347703012212434,
  "n_train": 4034,
  "n_valid": 1009,
  "sklearn_version": "1.7.2"
}